{
    "eval_loss": 0.08505934476852417,
    "eval_accuracy": 0.9701887388454553,
    "eval_precision": 0.9666448584865697,
    "eval_recall": 0.9701887388454553,
    "eval_f1": 0.9675094066596637,
    "eval_f1_per_class": {
        "admiration": 0.6895854398382204,
        "amusement": 0.810077519379845,
        "anger": 0.49221183800623053,
        "annoyance": 0.271264367816092,
        "approval": 0.3875685557586837,
        "caring": 0.3904761904761905,
        "confusion": 0.3783783783783784,
        "curiosity": 0.4322033898305085,
        "desire": 0.432,
        "disappointment": 0.20765027322404372,
        "disapproval": 0.327710843373494,
        "disgust": 0.5076142131979695,
        "embarrassment": 0.49056603773584906,
        "excitement": 0.45161290322580644,
        "fear": 0.6617647058823529,
        "gratitude": 0.9214814814814815,
        "grief": 0.0,
        "joy": 0.6036363636363636,
        "love": 0.8059701492537313,
        "nervousness": 0.14285714285714285,
        "optimism": 0.5346534653465347,
        "pride": 0.1111111111111111,
        "realization": 0.22727272727272727,
        "relief": 0.0,
        "remorse": 0.5945945945945946,
        "sadness": 0.596078431372549,
        "surprise": 0.5240174672489083,
        "neutral": 0.6230867346938775
    },
    "eval_runtime": 20.8227,
    "eval_samples_per_second": 260.629,
    "eval_steps_per_second": 4.082
}